,Int'l Plan,VMail Plan,VMail Message,Day Mins,Day Calls,Day Charge,Eve Mins,Eve Charge,Intl Mins,CustServ Calls,Churn?
10,0,0,0,129.1,137,21.95,228.5,19.42,12.7,4,True.
15,0,0,0,332.9,67,56.59,317.8,27.01,5.4,4,True.
21,0,0,0,62.4,89,10.61,169.9,14.44,5.7,5,True.
33,0,0,0,249.6,118,42.43,252.4,21.45,11.8,1,True.
41,1,1,41,173.1,85,29.43,203.9,17.33,14.6,0,True.
48,0,0,0,159.1,114,27.05,231.3,19.66,8.8,5,True.
54,0,0,0,151.0,83,25.67,219.7,18.67,9.7,5,True.
57,0,1,30,198.4,129,33.73,75.3,6.4,5.8,3,True.
69,0,0,0,178.9,101,30.41,169.1,14.37,13.8,4,True.
76,0,0,0,300.3,109,51.05,181.0,15.39,11.7,0,True.
77,0,0,0,61.6,117,10.47,77.1,6.55,8.2,4,True.
84,0,0,0,210.6,96,35.8,249.2,21.18,12.4,2,True.
86,0,0,0,157.9,105,26.84,155.0,13.18,8.0,4,True.
89,0,0,0,237.9,125,40.44,247.6,21.05,13.9,1,True.
91,0,0,0,203.4,100,34.58,190.9,16.23,8.9,0,True.
98,0,0,0,212.1,131,36.06,209.4,17.8,5.3,1,True.
99,0,0,0,251.8,72,42.81,205.7,17.48,9.8,2,True.
115,1,1,42,196.8,89,33.46,254.9,21.67,20.0,0,True.
117,0,0,0,282.5,114,48.03,219.9,18.69,9.4,1,True.
126,0,0,0,70.7,108,12.02,157.5,13.39,9.1,4,True.
127,0,1,27,187.5,124,31.88,146.6,12.46,6.4,4,True.
144,1,0,0,167.1,86,28.41,177.5,15.09,14.1,2,True.
156,0,0,0,337.4,120,57.36,227.4,19.33,15.8,0,True.
181,0,0,0,58.2,94,9.89,138.7,11.79,11.9,5,True.
197,0,0,0,326.5,67,55.51,176.3,14.99,10.7,2,True.
198,1,1,26,292.9,101,49.79,199.7,16.97,13.8,4,True.
214,1,0,0,226.7,98,38.54,228.1,19.39,17.6,2,True.
218,0,0,0,250.2,121,42.53,267.1,22.7,13.0,1,True.
230,1,0,0,312.0,109,53.04,129.4,11.0,10.5,0,True.
235,0,0,0,134.4,106,22.85,211.3,17.96,10.2,5,True.
241,1,0,0,135.1,95,22.97,134.1,11.4,12.3,2,True.
244,0,0,0,198.5,99,33.75,267.8,22.76,9.4,0,True.
250,0,1,29,157.4,99,26.76,117.9,10.02,13.9,4,True.
258,1,0,0,62.6,111,10.64,180.6,15.35,10.4,1,True.
277,0,1,48,189.8,96,32.27,123.4,10.49,6.5,2,True.
289,0,0,0,303.9,95,51.66,260.9,22.18,5.3,1,True.
293,0,1,37,172.7,93,29.36,120.1,10.21,10.3,5,True.
301,0,0,0,266.6,106,45.32,264.8,22.51,5.9,1,True.
302,0,0,0,170.4,108,28.97,350.5,29.79,11.2,0,True.
306,0,0,0,272.1,111,46.26,268.5,22.82,8.5,1,True.
307,0,0,0,296.4,99,50.39,214.8,18.26,11.4,4,True.
310,0,0,0,248.7,109,42.28,220.0,18.7,13.2,1,True.
319,1,1,32,223.5,81,38.0,188.8,16.05,9.4,2,True.
331,0,0,0,272.6,83,46.34,248.7,21.14,9.5,1,True.
332,0,0,0,128.3,121,21.81,197.1,16.75,12.2,7,True.
340,0,0,0,213.0,63,36.21,176.6,15.01,9.1,1,True.
349,0,0,0,107.0,63,18.19,105.7,8.98,12.8,4,True.
354,1,0,0,236.2,77,40.15,218.6,18.58,13.2,2,True.
360,1,0,0,257.1,53,43.71,312.2,26.54,8.8,1,True.
365,0,0,0,350.8,75,59.64,216.5,18.4,10.1,1,True.
372,1,0,0,218.0,57,37.06,114.4,9.72,12.4,0,True.
378,1,0,0,165.5,84,28.14,286.2,24.33,11.5,1,True.
394,0,0,0,229.6,78,39.03,205.7,17.48,10.8,0,True.
397,0,0,0,234.4,103,39.85,279.3,23.74,2.0,1,True.
399,0,0,0,167.3,91,28.44,230.0,19.55,10.6,1,True.
407,0,0,0,157.1,134,26.71,184.9,15.72,8.5,4,True.
415,0,0,0,239.7,47,40.75,282.9,24.05,8.7,2,True.
416,1,0,0,171.5,99,29.16,160.0,13.6,5.0,1,True.
430,0,0,0,250.3,100,42.55,260.6,22.15,13.3,2,True.
437,0,0,0,278.0,76,47.26,176.7,15.02,8.3,0,True.
454,0,0,0,256.4,125,43.59,273.9,23.28,11.1,1,True.
455,0,0,0,264.8,124,45.02,245.4,20.86,14.8,1,True.
465,1,0,0,178.2,113,30.29,167.8,14.26,13.6,3,True.
466,0,1,36,226.2,103,38.45,181.6,15.44,10.5,3,True.
473,0,1,33,96.6,59,16.42,315.4,26.81,6.2,4,True.
491,1,0,0,191.9,91,32.62,256.1,21.77,14.3,1,True.
492,1,0,0,130.7,113,22.22,260.6,22.15,9.4,2,True.
498,1,0,0,211.3,61,35.92,105.6,8.98,9.7,4,True.
502,1,0,0,216.9,61,36.87,207.4,17.63,17.5,1,True.
507,0,0,0,154.0,122,26.18,329.8,28.03,5.6,3,True.
509,0,1,26,170.8,114,29.04,199.5,16.96,9.6,5,True.
514,1,1,29,265.9,113,45.2,215.8,18.34,14.0,0,True.
521,0,0,0,73.3,86,12.46,161.4,13.72,8.2,4,True.
542,1,1,20,237.5,120,40.38,253.4,21.54,14.2,9,True.
546,1,0,0,279.8,90,47.57,248.7,21.14,8.4,2,True.
547,1,1,41,136.8,91,23.26,200.8,17.07,10.3,5,True.
550,0,0,0,172.8,58,29.38,183.1,15.56,7.9,4,True.
552,0,0,0,288.1,112,48.98,258.0,21.93,10.2,3,True.
558,0,0,0,174.1,96,29.6,251.1,21.34,8.3,2,True.
569,1,1,32,221.1,137,37.59,264.9,22.52,15.4,2,True.
574,0,0,0,228.1,121,38.78,276.5,23.5,9.9,2,True.
580,0,0,0,209.4,151,35.6,347.3,29.52,7.4,1,True.
584,0,0,0,234.2,128,39.81,293.1,24.91,9.8,0,True.
588,0,0,0,89.7,118,15.25,260.1,22.11,13.5,5,True.
601,1,0,0,159.7,86,27.15,197.5,16.79,13.9,0,True.
605,0,0,0,335.5,77,57.04,212.5,18.06,12.7,2,True.
613,1,1,29,220.7,82,37.52,217.7,18.5,13.2,1,True.
619,1,0,0,293.3,79,49.86,188.5,16.02,14.5,0,True.
626,1,1,37,220.2,109,37.43,185.3,15.75,4.1,0,True.
629,0,0,0,299.5,125,50.92,226.7,19.27,13.7,0,True.
649,0,0,0,261.7,97,44.49,210.6,17.9,6.0,3,True.
655,0,0,0,157.6,85,26.79,194.1,16.5,9.4,5,True.
660,0,0,0,264.7,69,45.0,305.0,25.93,9.5,1,True.
679,1,0,0,222.4,78,37.81,327.0,27.8,8.7,1,True.
715,1,0,0,249.9,95,42.48,242.5,20.61,15.3,1,True.
721,0,1,36,87.2,92,14.82,169.3,14.39,10.9,6,True.
730,0,0,0,271.2,105,46.1,202.6,17.22,11.5,3,True.
736,0,0,0,162.1,86,27.56,155.0,13.18,11.0,5,True.
737,1,0,0,145.0,89,24.65,175.8,14.94,16.7,2,True.
766,1,0,0,230.9,132,39.25,243.2,20.67,11.0,0,True.
771,1,1,28,126.9,97,21.57,166.9,14.19,8.8,5,True.
773,1,0,0,176.9,110,30.07,167.9,14.27,7.7,1,True.
787,0,0,0,265.6,86,45.15,208.8,17.75,11.1,2,True.
792,1,1,33,271.5,98,46.16,253.4,21.54,8.2,1,True.
797,1,0,0,148.5,126,25.25,219.4,18.65,14.5,1,True.
815,0,0,0,314.6,102,53.48,169.8,14.43,5.7,2,True.
830,1,0,0,167.7,94,28.51,93.7,7.96,13.4,3,True.
832,0,0,0,322.5,106,54.83,204.6,17.39,9.4,2,True.
846,0,0,0,180.6,92,30.7,190.9,16.23,10.3,1,True.
851,1,0,0,199.6,89,33.93,211.4,17.97,11.0,3,True.
859,0,0,0,267.9,114,45.54,223.0,18.96,11.3,3,True.
871,0,0,0,271.4,119,46.14,190.4,16.18,11.1,4,True.
892,0,1,27,166.9,85,28.37,221.2,18.8,12.3,1,True.
894,0,0,0,120.8,96,20.54,169.8,14.43,11.9,4,True.
901,0,0,0,321.6,107,54.67,251.6,21.39,11.3,2,True.
904,0,0,0,260.0,123,44.2,210.5,17.89,9.0,1,True.
905,0,0,0,191.9,113,32.62,70.9,6.03,13.4,4,True.
911,0,0,0,267.8,145,45.53,316.4,26.89,14.4,5,True.
914,0,0,0,287.3,123,48.84,288.0,24.48,10.5,0,True.
933,1,0,0,125.8,103,21.39,207.7,17.65,14.1,1,True.
944,0,1,28,167.9,147,28.54,190.7,16.21,9.2,4,True.
946,0,0,0,257.4,67,43.76,261.1,22.19,13.4,2,True.
966,0,1,22,152.0,63,25.84,258.8,22.0,15.7,2,True.
968,0,1,33,174.9,103,29.73,248.2,21.1,13.5,1,True.
975,0,0,0,334.3,118,56.83,192.1,16.33,10.4,0,True.
977,0,1,21,134.2,105,22.81,162.5,13.81,11.8,4,True.
978,0,0,0,278.0,102,47.26,266.4,22.64,13.1,4,True.
985,1,0,0,346.8,55,58.96,249.5,21.21,13.3,1,True.
987,1,1,27,267.9,103,45.54,263.3,22.38,8.3,1,True.
1000,0,0,0,277.3,138,47.14,228.4,19.41,12.8,2,True.
1018,0,0,0,263.4,148,44.78,230.3,19.58,11.4,1,True.
1027,1,0,0,194.2,106,33.01,249.4,21.2,12.9,1,True.
1030,0,1,42,216.0,125,36.72,232.3,19.75,9.3,2,True.
1038,0,0,0,111.9,92,19.02,114.0,9.69,14.1,5,True.
1077,0,0,0,154.2,123,26.21,112.3,9.55,15.4,4,True.
1078,0,0,0,322.3,113,54.79,222.0,18.87,6.7,0,True.
1102,0,0,0,176.9,128,30.07,102.8,8.74,10.5,4,True.
1105,0,1,28,201.4,100,34.24,246.5,20.95,12.9,2,True.
1115,0,0,0,165.0,129,28.05,202.6,17.22,12.5,1,True.
1121,0,0,0,154.4,165,26.25,168.3,14.31,11.7,5,True.
1122,0,0,0,189.1,105,32.15,246.1,20.92,10.4,1,True.
1133,0,0,0,148.1,73,25.18,164.9,14.02,12.3,5,True.
1136,1,1,26,270.3,111,45.95,215.2,18.29,14.4,1,True.
1142,0,0,0,106.4,71,18.09,240.1,20.41,5.3,6,True.
1150,0,0,0,193.3,106,32.86,128.3,10.91,11.6,5,True.
1155,0,0,0,131.6,120,22.37,211.3,17.96,11.1,4,True.
1182,0,0,0,287.1,108,48.81,178.4,15.16,14.4,3,True.
1192,1,0,0,235.1,98,39.97,251.8,21.4,7.2,4,True.
1193,1,1,15,160.0,95,27.2,209.5,17.81,8.7,5,True.
1204,1,0,0,236.8,141,40.26,265.3,22.55,9.5,1,True.
1231,0,0,0,270.9,98,46.05,226.2,19.23,8.8,0,True.
1232,0,0,0,243.0,91,41.31,183.9,15.63,15.3,0,True.
1240,0,1,34,162.1,83,27.56,171.8,14.6,9.6,4,True.
1254,0,1,33,186.4,84,31.69,201.0,17.09,11.1,2,True.
1263,0,1,31,224.7,69,38.2,134.5,11.43,7.5,1,True.
1269,0,1,45,130.5,114,22.19,208.4,17.71,11.0,4,True.
1273,0,0,0,121.7,48,20.69,125.8,10.69,8.3,6,True.
1276,0,0,0,229.7,129,39.05,336.0,28.56,9.6,1,True.
1278,0,0,0,247.7,77,42.11,269.5,22.91,9.6,0,True.
1280,0,0,0,112.2,95,19.07,209.6,17.82,13.9,0,True.
1284,0,0,0,263.8,66,44.85,251.3,21.36,8.4,5,True.
1299,0,0,0,266.3,90,45.27,207.8,17.66,14.0,2,True.
1302,0,0,0,270.5,69,45.99,230.0,19.55,9.6,1,True.
1306,0,0,0,189.2,81,32.16,184.4,15.67,10.6,3,True.
1310,0,0,0,78.6,106,13.36,187.3,15.92,7.4,1,True.
1322,1,0,0,132.1,42,22.46,138.9,11.81,9.1,2,True.
1325,0,1,31,153.1,115,26.03,185.9,15.8,10.0,6,True.
1327,0,0,0,96.8,92,16.46,142.6,12.12,10.9,2,True.
1334,0,0,0,321.3,99,54.62,167.9,14.27,8.0,1,True.
1337,1,0,0,236.9,107,40.27,157.6,13.4,7.3,0,True.
1339,1,0,0,148.2,96,25.19,220.4,18.73,9.2,4,True.
1344,0,0,0,284.4,89,48.35,157.0,13.35,8.4,0,True.
1345,0,0,0,0.0,0,0.0,159.6,13.57,6.8,4,True.
1346,1,0,0,133.7,45,22.73,187.8,15.96,10.7,1,True.
1350,0,0,0,285.7,124,48.57,230.9,19.63,14.8,0,True.
1359,0,0,0,217.8,91,37.03,220.6,18.75,10.3,1,True.
1364,0,0,0,245.0,97,41.65,250.7,21.31,13.7,1,True.
1373,0,0,0,112.0,105,19.04,193.7,16.46,4.1,4,True.
1376,0,0,0,245.7,139,41.77,241.9,20.56,4.2,4,True.
1392,0,0,0,269.7,85,45.85,207.6,17.65,4.5,3,True.
1405,0,0,0,143.2,80,24.34,88.1,7.49,8.8,4,True.
1407,0,1,31,82.3,105,13.99,256.1,21.77,11.8,6,True.
1420,1,0,0,149.4,68,25.4,171.9,14.61,17.9,3,True.
1435,1,1,19,112.6,114,19.14,261.7,22.24,11.1,0,True.
1442,0,0,0,195.7,116,33.27,209.1,17.77,8.3,1,True.
1454,0,1,44,174.0,80,29.58,209.4,17.8,14.1,2,True.
1467,1,1,35,181.1,59,30.79,215.9,18.35,16.9,0,True.
1472,1,0,0,273.3,66,46.46,263.6,22.41,12.0,1,True.
1484,1,0,0,133.3,106,22.66,182.9,15.55,12.9,3,True.
1493,0,1,30,153.4,90,26.08,151.4,12.87,12.8,4,True.
1516,0,0,0,213.9,112,36.36,260.5,22.14,8.4,1,True.
1528,0,0,0,223.3,99,37.96,167.1,14.2,4.5,0,True.
1530,0,0,0,261.4,141,44.44,215.7,18.33,8.0,1,True.
1531,1,0,0,46.5,104,7.91,186.0,15.81,9.6,4,True.
1532,0,1,18,149.9,84,25.48,170.9,14.53,11.5,0,True.
1533,1,0,0,242.2,102,41.17,226.1,19.22,13.9,2,True.
1534,0,0,0,259.4,99,44.1,172.7,14.68,10.7,1,True.
1537,1,1,21,156.5,122,26.61,209.2,17.78,11.1,4,True.
1538,0,0,0,61.2,111,10.4,92.3,7.85,13.7,5,True.
1551,0,0,0,165.4,106,28.12,273.7,23.26,8.7,0,True.
1585,0,0,0,236.9,93,40.27,197.7,16.8,11.4,2,True.
1593,1,0,0,273.9,119,46.56,278.6,23.68,10.9,1,True.
1601,1,0,0,242.3,102,41.19,350.9,29.83,11.3,0,True.
1614,0,0,0,236.4,73,40.19,287.3,24.42,13.8,1,True.
1619,0,0,0,119.2,88,20.26,168.3,14.31,12.2,4,True.
1635,0,0,0,154.0,133,26.18,198.9,16.91,9.5,4,True.
1638,0,0,0,159.4,79,27.1,179.5,15.26,9.7,6,True.
1646,0,0,0,291.8,143,49.61,214.3,18.22,9.9,0,True.
1651,1,0,0,225.3,134,38.3,108.2,9.2,17.3,1,True.
1653,1,0,0,131.4,78,22.34,219.7,18.67,11.1,1,True.
1662,1,0,0,127.3,80,21.64,222.3,18.9,13.7,5,True.
1674,1,0,0,241.0,120,40.97,231.8,19.7,9.9,1,True.
1679,0,0,0,329.8,73,56.07,208.3,17.71,10.6,0,True.
1691,0,0,0,269.0,120,45.73,233.7,19.86,7.3,2,True.
1692,0,0,0,268.3,114,45.61,185.5,15.77,6.3,1,True.
1694,0,0,0,115.5,75,19.64,218.1,18.54,11.5,7,True.
1701,0,0,0,293.7,89,49.93,272.5,23.16,11.0,2,True.
1702,0,0,0,120.3,108,20.45,240.4,20.43,7.7,4,True.
1704,0,0,0,278.5,95,47.35,240.7,20.46,11.6,1,True.
1707,0,0,0,131.1,129,22.29,160.5,13.64,5.6,5,True.
1713,0,0,0,129.7,84,22.05,177.5,15.09,7.5,5,True.
1718,1,0,0,268.4,85,45.63,150.6,12.8,9.7,2,True.
1731,0,0,0,232.8,95,39.58,303.4,25.79,12.9,0,True.
1736,0,0,0,286.4,125,48.69,205.7,17.48,6.9,1,True.
1739,0,0,0,268.7,120,45.68,301.0,25.59,5.8,2,True.
1746,0,0,0,179.3,147,30.48,208.9,17.76,13.5,1,True.
1750,0,0,0,113.1,74,19.23,168.8,14.35,6.9,1,True.
1752,1,0,0,161.3,83,27.42,124.4,10.57,14.1,0,True.
1754,1,0,0,190.5,108,32.39,259.7,22.07,9.7,2,True.
1764,0,0,0,245.2,87,41.68,254.1,21.6,7.5,0,True.
1765,0,0,0,132.6,125,22.54,221.1,18.79,12.7,4,True.
1768,1,0,0,122.0,110,20.74,220.2,18.72,10.8,2,True.
1777,0,0,0,242.5,83,41.23,245.4,20.86,10.0,3,True.
1784,1,0,0,153.6,108,26.11,232.9,19.8,14.1,0,True.
1794,0,0,0,286.6,73,48.72,223.2,18.97,11.5,1,True.
1804,1,0,0,187.3,118,31.84,160.7,13.66,9.6,0,True.
1837,1,0,0,54.2,100,9.21,303.2,25.77,8.6,1,True.
1842,0,0,0,276.1,82,46.94,201.1,17.09,8.9,0,True.
1844,0,1,28,135.9,117,23.1,244.5,20.78,11.5,4,True.
1845,1,0,0,189.1,122,32.15,223.2,18.97,13.9,2,True.
1849,0,0,0,287.1,115,48.81,159.3,13.54,13.9,2,True.
1850,0,1,26,179.7,144,30.55,218.1,18.54,9.3,1,True.
1851,0,0,0,165.8,96,28.19,190.0,16.15,10.9,5,True.
1857,0,0,0,222.3,101,37.79,286.0,24.31,12.1,1,True.
1861,1,1,16,147.2,103,25.02,160.1,13.61,7.7,0,True.
1862,1,0,0,254.7,103,43.3,252.2,21.44,8.0,0,True.
1865,0,0,0,149.3,83,25.38,187.1,15.9,7.9,7,True.
1866,0,0,0,81.9,75,13.92,253.8,21.57,8.9,2,True.
1869,0,0,0,239.0,156,40.63,273.0,23.21,13.5,1,True.
1878,0,0,0,295.4,126,50.22,232.1,19.73,11.5,1,True.
1880,0,0,0,162.3,99,27.59,149.1,12.67,14.8,4,True.
1881,0,0,0,272.7,97,46.36,236.4,20.09,7.7,0,True.
1887,1,1,28,156.1,89,26.54,107.1,9.1,14.7,0,True.
1889,0,0,0,153.0,123,26.01,141.1,11.99,10.3,1,True.
1892,1,0,0,225.2,111,38.28,184.9,15.72,9.9,0,True.
1893,0,0,0,249.9,127,42.48,254.5,21.63,8.9,2,True.
1898,0,0,0,275.8,103,46.89,189.5,16.11,7.4,2,True.
1903,1,1,38,225.7,117,38.37,119.6,10.17,14.0,1,True.
1904,0,1,33,167.8,91,28.53,205.3,17.45,14.5,4,True.
1912,0,0,0,150.6,125,25.6,169.1,14.37,10.4,8,True.
1919,0,0,0,70.8,94,12.04,215.6,18.33,9.5,6,True.
1933,0,0,0,260.1,101,44.22,256.5,21.8,10.0,1,True.
1934,0,0,0,281.3,124,47.82,301.5,25.63,8.7,0,True.
1935,1,1,42,130.1,90,22.12,167.0,14.2,13.6,3,True.
1939,0,0,0,128.7,100,21.88,227.1,19.3,9.2,2,True.
1950,0,0,0,155.0,110,26.35,133.4,11.34,7.0,4,True.
1954,0,0,0,238.0,82,40.46,278.5,23.67,11.8,0,True.
1965,0,0,0,236.6,109,40.22,169.9,14.44,11.1,1,True.
1974,0,1,20,157.8,83,26.83,161.5,13.73,8.7,5,True.
1977,1,0,0,237.8,92,40.43,208.9,17.76,15.6,2,True.
1978,1,0,0,204.0,84,34.68,168.5,14.32,13.3,3,True.
1984,0,0,0,272.5,119,46.33,226.1,19.22,16.4,3,True.
2001,0,0,0,286.4,109,48.69,178.2,15.15,10.7,1,True.
2028,0,0,0,328.1,106,55.78,151.7,12.89,8.7,1,True.
2029,1,0,0,145.9,69,24.8,208.2,17.7,14.4,0,True.
2033,0,0,0,217.6,87,36.99,279.0,23.72,10.4,2,True.
2038,0,0,0,269.8,106,45.87,228.8,19.45,10.1,1,True.
2059,0,0,0,269.2,104,45.76,193.8,16.47,8.9,3,True.
2069,0,0,0,261.2,119,44.4,250.8,21.32,9.8,0,True.
2076,1,0,0,228.9,134,38.91,255.7,21.73,10.1,4,True.
2099,0,0,0,290.4,108,49.37,253.9,21.58,10.1,3,True.
2103,0,0,0,298.1,112,50.68,201.3,17.11,9.7,2,True.
2106,1,1,18,222.1,89,37.76,160.6,13.65,13.6,0,True.
2107,0,0,0,236.2,135,40.15,273.9,23.28,10.1,2,True.
2112,0,0,0,136.6,112,23.22,209.4,17.8,12.2,4,True.
2113,0,0,0,289.8,101,49.27,255.6,21.73,11.7,2,True.
2115,1,0,0,196.2,129,33.35,176.5,15.0,15.2,0,True.
2118,1,0,0,172.9,119,29.39,183.0,15.56,9.8,0,True.
2119,0,0,0,249.8,109,42.47,242.4,20.6,11.6,0,True.
2139,1,0,0,252.3,120,42.89,207.0,17.6,12.0,3,True.
2142,0,0,0,96.5,86,16.41,210.2,17.87,12.5,1,True.
2147,0,0,0,249.8,96,42.47,261.9,22.26,12.7,3,True.
2150,0,0,0,226.0,127,38.42,304.6,25.89,12.6,2,True.
2155,0,0,0,270.0,102,45.9,256.6,21.81,12.0,2,True.
2158,1,0,0,47.7,89,8.11,264.4,22.47,13.2,0,True.
2160,1,0,0,89.5,94,15.22,339.9,28.89,7.9,1,True.
2164,1,0,0,251.3,69,42.72,252.5,21.46,9.9,3,True.
2173,1,0,0,47.8,120,8.13,178.9,15.21,13.3,0,True.
2186,0,0,0,232.1,74,39.46,327.1,27.8,10.9,3,True.
2187,0,0,0,169.2,124,28.76,173.3,14.73,12.4,4,True.
2203,1,0,0,145.0,103,24.65,294.3,25.02,11.0,4,True.
2210,0,0,0,278.9,110,47.41,190.2,16.17,11.7,0,True.
2213,0,0,0,217.2,121,36.92,303.4,25.79,12.4,0,True.
2215,0,0,0,303.2,133,51.54,170.5,14.49,11.5,0,True.
2218,0,0,0,133.3,94,22.66,247.8,21.06,11.3,5,True.
2237,0,0,0,166.7,61,28.34,179.3,15.24,6.8,4,True.
2238,0,0,0,267.1,104,45.41,180.4,15.33,17.3,1,True.
2258,1,0,0,276.5,122,47.01,195.6,16.63,7.2,1,True.
2267,0,0,0,313.2,103,53.24,216.3,18.39,12.8,2,True.
2283,0,0,0,227.1,116,38.61,120.5,10.24,4.7,5,True.
2290,0,0,0,245.3,108,41.7,259.9,22.09,10.7,3,True.
2324,0,0,0,143.3,120,24.36,230.7,19.61,7.8,4,True.
2325,0,0,0,271.1,108,46.09,237.0,20.15,9.8,2,True.
2327,0,0,0,167.1,77,28.41,131.8,11.2,9.4,6,True.
2335,1,0,0,157.8,71,26.83,203.2,17.27,10.0,3,True.
2343,1,0,0,179.9,72,30.58,170.0,14.45,13.8,1,True.
2347,1,1,29,195.5,113,33.24,171.6,14.59,13.5,1,True.
2354,0,0,0,273.2,85,46.44,211.1,17.94,13.1,2,True.
2356,0,0,0,273.8,97,46.55,289.7,24.62,5.8,2,True.
2357,0,0,0,159.5,103,27.12,275.5,23.42,10.1,1,True.
2369,0,0,0,174.3,123,29.63,140.2,11.92,9.0,4,True.
2376,0,0,0,303.9,106,51.66,232.2,19.74,5.8,1,True.
2377,0,1,36,123.7,125,21.03,172.6,14.67,8.8,1,True.
2380,0,0,0,228.6,117,38.86,132.8,11.29,10.1,9,True.
2386,1,0,0,202.0,123,34.34,184.3,15.67,7.4,2,True.
2387,0,1,32,209.5,108,35.62,109.6,9.32,9.1,6,True.
2388,0,0,0,297.9,141,50.64,238.1,20.24,8.9,1,True.
2389,0,0,0,212.8,102,36.18,189.8,16.13,10.6,0,True.
2397,0,0,0,294.9,71,50.13,192.8,16.39,13.2,1,True.
2401,1,0,0,239.7,87,40.75,281.7,23.94,11.4,1,True.
2402,0,1,33,143.0,101,24.31,212.2,18.04,15.3,5,True.
2405,0,1,29,201.3,130,34.22,203.7,17.31,6.4,1,True.
2407,1,1,31,203.5,82,34.6,200.3,17.03,13.4,1,True.
2412,0,0,0,326.3,112,55.47,165.1,14.03,7.5,1,True.
2415,0,0,0,147.1,119,25.01,161.0,13.69,9.0,5,True.
2419,0,0,0,239.9,120,40.78,261.6,22.24,8.9,2,True.
2420,1,0,0,159.9,94,27.18,179.9,15.29,11.6,2,True.
2421,0,0,0,197.8,66,33.63,133.9,11.38,10.9,4,True.
2428,0,0,0,81.7,123,13.89,210.2,17.87,11.3,6,True.
2432,0,0,0,109.0,88,18.53,259.3,22.04,13.3,4,True.
2437,0,1,31,109.6,108,18.63,249.3,21.19,8.3,4,True.
2451,0,0,0,279.5,118,47.52,203.2,17.27,10.7,2,True.
2468,1,1,41,146.8,128,24.96,285.6,24.28,4.3,1,True.
2472,0,0,0,137.8,120,23.43,225.8,19.19,10.2,1,True.
2479,1,1,29,162.3,91,27.59,279.3,23.74,11.7,3,True.
2489,0,0,0,167.8,72,28.53,211.0,17.94,10.5,4,True.
2493,0,0,0,92.6,95,15.74,161.9,13.76,11.3,5,True.
2515,0,0,0,123.1,88,20.93,213.9,18.18,12.0,5,True.
2526,1,0,0,115.0,65,19.55,122.3,10.4,6.4,0,True.
2533,0,0,0,184.7,60,31.4,262.0,22.27,12.3,2,True.
2535,0,0,0,113.0,108,19.21,169.2,14.38,9.2,2,True.
2536,0,0,0,294.2,100,50.01,232.5,19.76,9.0,0,True.
2539,1,1,28,211.2,117,35.9,312.5,26.56,10.7,3,True.
2542,0,0,0,259.4,116,44.1,269.7,22.92,9.5,1,True.
2567,0,0,0,247.2,116,42.02,303.7,25.81,9.3,2,True.
2572,0,0,0,317.8,60,54.03,152.9,13.0,10.4,1,True.
2573,0,0,0,312.0,112,53.04,180.0,15.3,12.8,1,True.
2575,0,0,0,131.6,95,22.37,179.3,15.24,15.5,1,True.
2581,0,0,0,123.2,104,20.94,190.0,16.15,12.9,4,True.
2591,0,0,0,231.2,141,39.3,267.8,22.76,8.8,1,True.
2594,1,0,0,345.3,81,58.7,203.4,17.29,11.8,1,True.
2595,0,0,0,264.9,80,45.03,281.2,23.9,8.4,1,True.
2599,0,0,0,225.1,90,38.27,279.5,23.76,8.8,0,True.
2602,1,0,0,162.4,131,27.61,167.0,14.2,11.4,2,True.
2606,0,0,0,224.2,89,38.11,314.9,26.77,16.1,1,True.
2614,1,0,0,298.4,78,50.73,270.5,22.99,12.2,0,True.
2619,1,1,35,157.5,109,26.78,189.6,16.12,11.1,3,True.
2624,0,0,0,226.9,106,38.57,182.2,15.49,11.6,0,True.
2629,0,1,32,322.4,92,54.81,283.2,24.07,6.7,1,True.
2645,1,0,0,246.4,110,41.89,182.0,15.47,12.1,2,True.
2647,0,0,0,288.0,120,48.96,255.8,21.74,13.4,0,True.
2660,0,0,0,301.5,136,51.26,257.7,21.9,13.4,4,True.
2662,1,0,0,99.6,108,16.93,308.7,26.24,13.7,2,True.
2664,1,1,26,198.8,115,33.8,166.6,14.16,14.4,1,True.
2666,1,0,0,255.9,128,43.5,140.9,11.98,12.1,1,True.
2672,1,0,0,277.9,123,47.24,155.8,13.24,9.2,0,True.
2673,0,0,0,224.9,105,38.23,250.0,21.25,6.7,3,True.
2677,0,0,0,308.6,139,52.46,150.8,12.82,7.3,4,True.
2681,0,0,0,144.8,126,24.62,200.6,17.05,13.3,0,True.
2687,1,1,29,260.8,81,44.34,163.7,13.91,17.0,1,True.
2694,0,0,0,240.7,82,40.92,269.4,22.9,10.1,0,True.
2696,0,0,0,314.1,86,53.4,222.4,18.9,12.3,3,True.
2700,0,0,0,255.1,124,43.37,230.6,19.6,8.5,3,True.
2708,0,0,0,291.2,104,49.5,234.2,19.91,8.9,1,True.
2710,0,0,0,261.8,69,44.51,245.0,20.83,14.7,0,True.
2724,0,0,0,279.1,124,47.45,180.5,15.34,9.5,2,True.
2731,0,0,0,245.2,91,41.68,217.2,18.46,13.9,0,True.
2732,1,0,0,216.2,106,36.75,363.7,30.91,16.9,5,True.
2735,1,1,26,169.0,104,28.73,188.8,16.05,13.3,0,True.
2745,0,1,40,105.0,78,17.85,180.6,15.35,10.2,2,True.
2747,0,0,0,274.0,92,46.58,231.8,19.7,6.2,0,True.
2760,1,0,0,237.3,103,40.34,176.7,15.02,14.2,0,True.
2772,0,0,0,154.7,84,26.3,177.8,15.11,5.9,4,True.
2773,0,1,34,247.2,105,42.02,225.5,19.17,6.1,2,True.
2774,1,1,32,218.4,93,37.13,236.7,20.12,13.2,0,True.
2784,0,0,0,239.1,88,40.65,243.5,20.7,10.9,3,True.
2785,0,0,0,175.7,109,29.87,211.8,18.0,9.2,5,True.
2786,0,1,29,111.2,90,18.9,263.5,22.4,9.0,6,True.
2794,1,0,0,258.0,112,43.86,246.5,20.95,10.9,0,True.
2800,1,0,0,251.4,118,42.74,196.6,16.71,11.0,0,True.
2816,0,0,0,263.7,113,44.83,186.5,15.85,18.3,1,True.
2819,0,0,0,167.4,68,28.46,143.8,12.22,10.3,0,True.
2824,0,0,0,324.7,48,55.2,236.4,20.09,13.1,0,True.
2827,0,0,0,129.2,71,21.96,214.1,18.2,10.3,5,True.
2828,1,0,0,125.5,106,21.34,128.9,10.96,6.3,4,True.
2839,0,0,0,266.0,97,45.22,214.6,18.24,14.2,2,True.
2865,0,1,32,90.0,87,15.3,276.3,23.49,8.6,2,True.
2868,1,0,0,162.8,118,27.68,229.6,19.52,13.6,0,True.
2874,0,0,0,296.0,93,50.32,226.4,19.24,12.3,0,True.
2882,1,0,0,124.5,134,21.17,141.2,12.0,11.4,2,True.
2884,0,0,0,285.7,44,48.57,167.5,14.24,8.7,1,True.
2889,0,0,0,271.1,101,46.09,237.4,20.18,8.4,1,True.
2900,0,0,0,108.6,108,18.46,209.9,17.84,7.9,1,True.
2901,0,1,17,89.8,88,15.27,233.2,19.82,9.3,4,True.
2908,0,0,0,279.3,104,47.48,201.6,17.14,7.9,2,True.
2924,0,0,0,276.9,105,47.07,246.9,20.99,10.3,1,True.
2925,0,0,0,163.4,134,27.78,240.1,20.41,11.6,2,True.
2926,0,0,0,287.4,116,48.86,235.3,20.0,5.0,4,True.
2934,0,0,0,149.0,73,25.33,131.0,11.14,8.6,2,True.
2936,0,0,0,288.8,86,49.1,175.9,14.95,9.5,0,True.
2942,1,0,0,287.4,118,48.86,259.6,22.07,10.0,1,True.
2947,0,0,0,245.8,116,41.79,286.7,24.37,9.0,1,True.
2950,0,0,0,117.8,100,20.03,199.2,16.93,11.8,0,True.
2952,0,0,0,242.2,87,41.17,226.1,19.22,8.2,5,True.
2958,0,0,0,128.6,115,21.86,216.2,18.38,6.3,6,True.
2960,0,0,0,182.1,106,30.96,134.9,11.47,10.0,5,True.
2961,0,1,36,168.0,81,28.56,163.2,13.87,8.0,6,True.
2964,0,0,0,256.4,44,43.59,214.5,18.23,7.9,3,True.
2968,0,0,0,234.9,136,39.93,270.8,23.02,13.9,1,True.
2971,1,0,0,233.5,81,39.7,187.7,15.95,9.6,0,True.
2972,0,1,35,197.3,134,33.54,141.1,11.99,10.1,2,True.
2979,0,0,0,135.7,107,23.07,208.4,17.71,8.8,7,True.
2980,0,0,0,225.9,86,38.4,275.6,23.43,14.3,3,True.
2987,1,0,0,122.3,83,20.79,118.8,10.1,13.7,3,True.
2989,1,0,0,115.1,114,19.57,211.3,17.96,13.8,2,True.
2994,0,0,0,227.9,130,38.74,302.6,25.72,5.5,1,True.
3002,0,0,0,266.1,91,45.24,225.2,19.14,8.9,3,True.
3019,0,0,0,266.7,105,45.34,158.2,13.45,13.8,3,True.
3023,0,1,35,110.5,101,18.79,208.3,17.71,13.9,4,True.
3035,0,0,0,85.7,112,14.57,221.6,18.84,11.6,4,True.
3045,0,0,0,272.7,74,46.36,224.9,19.12,10.5,2,True.
3050,0,0,0,158.4,92,26.93,188.0,15.98,13.5,4,True.
3064,0,0,0,271.8,129,46.21,237.2,20.16,8.7,4,True.
3070,0,0,0,154.5,122,26.27,214.2,18.21,12.0,3,True.
3072,0,0,0,305.1,106,51.87,188.0,15.98,8.5,0,True.
3079,0,0,0,131.5,99,22.36,174.8,14.86,7.9,5,True.
3093,0,0,0,226.3,95,38.47,274.3,23.32,8.2,2,True.
3112,0,0,0,139.3,89,23.68,192.3,16.35,9.3,7,True.
3113,0,0,0,291.6,99,49.57,221.1,18.79,14.0,2,True.
3125,0,0,0,169.7,115,28.85,141.4,12.02,10.5,4,True.
3127,0,0,0,113.3,96,19.26,197.9,16.82,11.7,4,True.
3132,0,0,0,322.3,100,54.79,230.4,19.58,7.8,2,True.
3144,0,0,0,138.1,115,23.48,158.2,13.45,10.3,5,True.
3148,1,0,0,205.9,97,35.0,277.4,23.58,11.0,0,True.
3151,0,0,0,221.9,112,37.72,278.2,23.65,7.1,0,True.
3157,1,0,0,143.2,60,24.34,179.5,15.26,6.2,4,True.
3166,0,0,0,247.5,85,42.08,225.4,19.16,10.2,2,True.
3168,0,0,0,225.9,110,38.4,299.1,25.42,11.2,1,True.
3169,0,0,0,103.5,115,17.6,117.9,10.02,12.0,4,True.
3189,1,0,0,246.8,110,41.96,206.3,17.54,13.2,0,True.
3190,0,0,0,174.7,151,29.7,148.0,12.58,15.8,6,True.
3191,0,0,0,240.0,83,40.8,134.1,11.4,9.3,0,True.
3205,0,0,0,294.7,90,50.1,294.6,25.04,10.8,1,True.
3209,1,1,24,125.7,92,21.37,275.9,23.45,14.2,3,True.
3224,0,0,0,226.4,101,38.49,276.8,23.53,12.3,3,True.
3226,0,0,0,264.5,117,44.97,194.0,16.49,7.5,2,True.
3238,0,0,0,255.1,93,43.37,266.9,22.69,8.8,3,True.
3241,1,0,0,248.7,118,42.28,172.3,14.65,11.3,1,True.
3243,1,0,0,122.2,112,20.77,131.7,11.19,10.3,5,True.
3246,1,1,44,103.2,117,17.54,236.3,20.09,11.9,0,True.
3247,0,0,0,138.4,104,23.53,158.9,13.51,3.9,4,True.
3255,1,0,0,286.2,61,48.65,187.2,15.91,11.0,2,True.
3265,0,0,0,266.9,83,45.37,229.7,19.52,11.0,3,True.
3268,0,0,0,289.1,100,49.15,233.8,19.87,12.7,2,True.
3272,0,0,0,295.0,141,50.15,223.6,19.01,12.9,2,True.
3280,0,0,0,107.3,140,18.24,238.2,20.25,10.0,4,True.
3287,0,1,42,199.5,119,33.92,135.0,11.48,10.9,4,True.
3291,1,1,22,172.1,119,29.26,223.6,19.01,13.9,1,True.
3301,0,0,0,280.0,113,47.6,202.2,17.19,10.4,0,True.
3304,1,0,0,186.1,114,31.64,198.6,16.88,13.8,4,True.
3320,1,0,0,140.0,101,23.8,196.4,16.69,9.7,4,True.
3322,0,0,0,321.1,105,54.59,265.5,22.57,11.5,4,True.
3323,0,0,0,118.4,126,20.13,249.3,21.19,13.6,5,True.
1566,0,1,38,236.6,69,40.22,197.5,16.79,9.5,2,False.
3200,1,0,0,107.2,98,18.22,86.8,7.38,9.7,1,False.
891,0,0,0,110.9,91,18.85,158.5,13.47,6.2,1,False.
2523,0,0,0,144.3,116,24.53,156.4,13.29,7.8,3,False.
2151,0,0,0,137.6,106,23.39,143.5,12.2,9.6,2,False.
819,0,0,0,146.3,133,24.87,202.7,17.23,13.1,1,False.
1609,0,0,0,169.6,96,28.83,234.7,19.95,11.2,0,False.
1009,0,0,0,181.4,111,30.84,167.7,14.25,11.3,3,False.
2959,0,0,0,233.3,65,39.66,209.8,17.83,9.1,1,False.
3292,0,0,0,203.8,85,34.65,87.8,7.46,11.7,1,False.
2005,0,0,0,133.4,102,22.68,204.6,17.39,11.1,1,False.
435,0,1,29,240.4,80,40.87,118.9,10.11,11.2,1,False.
567,1,0,0,216.0,73,36.72,188.2,16.0,3.6,2,False.
2289,1,1,23,245.5,54,41.74,292.7,24.88,10.8,1,False.
1356,0,0,0,136.1,120,23.14,204.2,17.36,11.3,1,False.
1524,0,1,19,136.8,113,23.26,179.5,15.26,12.5,2,False.
2569,0,0,0,166.9,98,28.37,221.8,18.85,12.8,3,False.
2085,0,0,0,138.5,110,23.55,153.2,13.02,11.1,1,False.
167,0,0,0,202.0,102,34.34,243.2,20.67,10.9,1,False.
317,0,1,29,117.8,66,20.03,256.8,21.83,7.6,3,False.
1397,0,0,0,0.0,0,0.0,192.1,16.33,7.2,1,False.
2977,0,0,0,195.1,100,33.17,148.8,12.65,6.7,0,False.
2683,0,0,0,221.8,84,37.71,166.0,14.11,13.2,1,False.
2292,0,0,0,134.1,112,22.8,195.1,16.58,10.5,2,False.
604,0,0,0,169.9,144,28.88,225.2,19.14,11.4,1,False.
1966,0,0,0,169.4,102,28.8,184.9,15.72,2.0,1,False.
2890,0,0,0,240.8,104,40.94,144.5,12.28,11.6,0,False.
942,0,0,0,226.2,88,38.45,140.3,11.93,6.4,0,False.
862,0,1,38,163.6,132,27.81,146.7,12.47,13.1,3,False.
535,0,0,0,48.4,101,8.23,281.1,23.89,18.2,1,False.
2775,0,1,24,227.5,81,38.68,234.9,19.97,9.0,1,False.
1613,0,0,0,194.6,114,33.08,232.8,19.79,3.8,3,False.
821,0,0,0,105.8,110,17.99,43.9,3.73,13.1,0,False.
1436,0,1,26,226.4,117,38.49,234.7,19.95,10.8,1,False.
1448,0,0,0,242.5,110,41.23,162.3,13.8,7.8,4,False.
3211,0,0,0,70.9,134,12.05,134.5,11.43,12.0,2,False.
296,0,0,0,85.7,83,14.57,247.7,21.05,10.1,2,False.
1065,0,1,29,239.5,82,40.72,203.8,17.32,9.9,0,False.
2962,0,0,0,251.6,88,42.77,175.1,14.88,5.4,1,False.
374,0,0,0,179.2,77,30.46,210.7,17.91,9.2,2,False.
806,0,0,0,174.4,120,29.65,156.3,13.29,10.2,0,False.
3085,1,0,0,111.9,55,19.02,223.0,18.96,10.0,3,False.
409,0,0,0,187.9,110,31.94,197.0,16.75,4.8,2,False.
1773,1,1,40,221.6,79,37.67,157.1,13.35,11.5,1,False.
316,0,1,28,121.0,105,20.57,270.4,22.98,7.7,2,False.
2108,0,0,0,144.2,87,24.51,212.2,18.04,9.5,0,False.
2456,0,0,0,232.5,74,39.53,181.8,15.45,10.4,4,False.
1195,0,0,0,194.8,97,33.12,235.3,20.0,11.0,1,False.
852,0,0,0,217.7,91,37.01,273.5,23.25,9.6,3,False.
0,0,1,25,265.1,110,45.07,197.4,16.78,10.0,1,False.
1366,0,0,0,89.5,66,15.22,179.3,15.24,12.3,3,False.
662,0,0,0,211.2,80,35.9,237.7,20.2,12.3,0,False.
2929,0,0,0,185.0,84,31.45,232.5,19.76,14.9,3,False.
3155,0,0,0,114.8,94,19.52,150.0,12.75,9.6,2,False.
1033,0,0,0,198.6,111,33.76,213.9,18.18,10.6,2,False.
3060,0,0,0,212.1,98,36.06,189.4,16.1,8.4,3,False.
2129,0,1,23,149.6,96,25.43,239.8,20.38,7.4,2,False.
2196,0,1,10,182.9,54,31.09,292.4,24.85,11.5,0,False.
2911,1,0,0,256.5,87,43.61,222.1,18.88,13.0,1,False.
112,0,0,0,161.0,117,27.37,190.9,16.23,12.1,4,False.
2344,0,0,0,183.4,98,31.18,281.3,23.91,8.2,1,False.
1536,0,0,0,69.4,79,11.8,190.8,16.22,8.9,0,False.
2885,0,0,0,190.9,44,32.45,161.4,13.72,8.4,1,False.
1988,0,0,0,150.2,70,25.53,185.7,15.78,12.1,1,False.
3330,0,0,0,180.8,109,30.74,288.8,24.55,14.1,2,False.
612,0,0,0,156.4,108,26.59,233.4,19.84,7.7,4,False.
2663,0,0,0,169.8,123,28.87,183.1,15.56,12.7,2,False.
2623,0,0,0,258.8,85,44.0,129.5,11.01,10.9,2,False.
1170,0,0,0,199.3,104,33.88,224.2,19.06,15.2,0,False.
1745,0,0,0,226.7,94,38.54,168.4,14.31,10.2,0,False.
1629,0,0,0,122.5,145,20.83,273.3,23.23,8.0,2,False.
3201,0,1,32,211.9,120,36.02,202.9,17.25,8.8,1,False.
2475,0,0,0,175.2,74,29.78,151.7,12.89,5.3,1,False.
1928,0,0,0,103.1,70,17.53,275.0,23.38,11.2,1,False.
2740,0,0,0,189.8,122,32.27,173.7,14.76,10.3,0,False.
213,0,1,31,167.6,139,28.49,113.0,9.61,12.2,1,False.
1396,1,1,27,188.9,124,32.11,160.9,13.68,11.5,4,False.
583,0,0,0,150.5,75,25.59,193.1,16.41,10.3,1,False.
707,0,1,42,165.3,97,28.1,223.5,19.0,7.6,3,False.
2881,0,1,20,146.1,98,24.84,277.4,23.58,6.2,1,False.
1952,0,0,0,188.5,77,32.05,182.0,15.47,6.1,1,False.
2153,0,0,0,89.7,80,15.25,179.8,15.28,9.5,2,False.
541,0,1,29,209.9,77,35.68,158.0,13.43,6.6,0,False.
527,0,1,22,40.9,126,6.95,133.4,11.34,11.9,0,False.
3117,0,0,0,159.8,143,27.17,210.1,17.86,13.1,2,False.
2199,0,0,0,241.2,105,41.0,174.3,14.82,8.5,2,False.
608,0,0,0,187.8,94,31.93,248.6,21.13,10.6,0,False.
327,0,1,33,239.2,109,40.66,235.5,20.02,9.5,1,False.
1607,0,1,19,132.7,94,22.56,204.6,17.39,12.9,3,False.
2077,0,0,0,241.7,137,41.09,135.8,11.54,13.1,0,False.
714,0,1,22,175.9,70,29.9,211.7,17.99,7.3,2,False.
2837,0,0,0,203.3,70,34.56,228.9,19.46,14.3,1,False.
1761,0,1,28,235.6,124,40.05,236.8,20.13,7.7,1,False.
2364,0,1,33,161.8,73,27.51,273.0,23.21,13.7,0,False.
1109,0,0,0,140.4,112,23.87,187.1,15.9,7.9,0,False.
2923,0,0,0,99.4,62,16.9,275.0,23.38,16.7,2,False.
602,0,0,0,202.8,109,34.48,165.8,14.09,4.6,1,False.
628,0,0,0,112.7,119,19.16,217.7,18.5,6.5,1,False.
148,0,0,0,181.5,121,30.86,218.4,18.56,8.5,1,False.
2265,0,1,31,278.0,88,47.26,253.2,21.52,8.7,0,False.
440,0,1,27,273.4,141,46.48,154.0,13.09,12.3,1,False.
1478,0,0,0,253.2,122,43.04,201.0,17.09,9.7,2,False.
2577,0,0,0,185.1,92,31.47,213.0,18.11,8.5,2,False.
701,0,0,0,139.4,95,23.7,159.1,13.52,7.7,0,False.
1256,0,0,0,162.8,65,27.68,185.0,15.73,6.0,2,False.
3288,0,0,0,109.5,105,18.62,286.1,24.32,4.9,1,False.
1732,0,1,43,121.1,105,20.59,260.2,22.12,8.3,3,False.
1176,0,0,0,193.2,89,32.84,194.4,16.52,9.7,4,False.
2671,0,0,0,140.5,92,23.89,186.8,15.88,9.5,2,False.
3281,0,0,0,185.0,122,31.45,182.5,15.51,5.1,1,False.
2802,0,0,0,117.3,114,19.94,208.7,17.74,14.4,2,False.
764,0,1,31,153.5,83,26.1,219.1,18.62,11.4,0,False.
3274,0,0,0,207.7,109,35.31,217.5,18.49,8.0,1,False.
1107,0,1,29,179.9,97,30.58,189.2,16.08,12.8,3,False.
534,0,0,0,310.4,97,52.77,66.5,5.65,9.2,4,False.
1877,1,0,0,221.0,115,37.57,165.4,14.06,9.7,1,False.
50,0,0,0,191.9,108,32.62,269.8,22.93,7.8,3,False.
208,0,0,0,213.9,95,36.36,151.9,12.91,12.2,3,False.
2328,0,0,0,168.3,96,28.61,87.6,7.45,8.4,1,False.
2214,0,0,0,175.9,111,29.9,285.2,24.24,13.0,1,False.
2844,0,0,0,173.4,100,29.48,213.7,18.16,11.5,1,False.
1570,0,0,0,167.6,100,28.49,154.5,13.13,17.3,2,False.
1835,0,1,37,185.4,87,31.52,178.5,15.17,8.0,4,False.
3068,0,1,21,160.6,85,27.3,223.1,18.96,9.5,2,False.
2145,0,0,0,193.7,108,32.93,183.2,15.57,10.8,1,False.
1938,0,1,30,128.5,86,21.85,188.4,16.01,6.8,1,False.
2804,0,0,0,82.6,105,14.04,204.0,17.34,9.1,1,False.
2066,0,1,26,170.4,91,28.97,254.5,21.63,15.1,0,False.
1252,0,0,0,229.3,93,38.98,184.5,15.68,8.8,2,False.
1464,0,0,0,183.4,85,31.18,237.6,20.2,9.0,3,False.
980,0,0,0,188.9,94,32.11,203.9,17.33,11.6,3,False.
2222,0,1,24,176.1,109,29.94,159.4,13.55,12.1,0,False.
1332,0,1,32,247.0,109,41.99,125.6,10.68,10.5,3,False.
419,0,0,0,184.1,98,31.3,327.0,27.8,7.5,2,False.
1620,0,1,35,224.0,102,38.08,192.0,16.32,9.6,0,False.
2014,0,0,0,184.5,81,31.37,172.0,14.62,13.7,3,False.
2689,0,0,0,177.9,83,30.24,167.3,14.22,15.2,0,False.
1194,0,0,0,188.4,63,32.03,165.9,14.1,13.2,1,False.
576,0,0,0,201.9,74,34.32,226.8,19.28,13.7,3,False.
1082,0,0,0,215.6,115,36.65,216.2,18.38,11.8,3,False.
3083,0,0,0,235.5,108,40.04,142.3,12.1,12.5,0,False.
1060,0,0,0,193.0,97,32.81,89.8,7.63,15.3,1,False.
1267,0,0,0,166.2,112,28.25,255.3,21.7,5.4,1,False.
3257,0,0,0,137.5,110,23.38,198.1,16.84,13.3,2,False.
453,0,1,20,198.9,77,33.81,274.0,23.29,14.3,1,False.
7,1,0,0,157.0,79,26.69,103.1,8.76,7.1,0,False.
2359,0,1,31,115.4,90,19.62,217.4,18.48,13.1,1,False.
1282,0,0,0,229.4,107,39.0,214.1,18.2,10.4,4,False.
2705,0,0,0,253.2,89,43.04,237.9,20.22,9.7,4,False.
767,0,1,26,244.9,150,41.63,118.0,10.03,15.2,2,False.
853,0,0,0,134.7,96,22.9,235.9,20.05,7.6,3,False.
287,0,0,0,205.9,88,35.0,209.3,17.79,14.5,2,False.
1330,0,1,29,151.1,121,25.69,244.7,20.8,13.8,2,False.
2698,0,0,0,175.8,89,29.89,274.3,23.32,12.4,1,False.
2826,0,0,0,187.9,110,31.94,200.5,17.04,10.2,2,False.
2131,0,1,31,142.1,77,24.16,193.0,16.41,11.0,1,False.
2171,0,0,0,182.1,89,30.96,211.5,17.98,6.8,1,False.
1469,0,1,27,218.7,79,37.18,163.4,13.89,15.0,0,False.
2252,0,0,0,17.6,121,2.99,161.7,13.74,10.6,1,False.
593,0,1,29,207.2,111,35.22,254.1,21.6,9.5,2,False.
1994,0,0,0,169.5,96,28.82,157.6,13.4,10.6,0,False.
2986,0,1,12,188.0,105,31.96,151.3,12.86,10.5,2,False.
2261,0,0,0,210.9,85,35.85,329.3,27.99,9.4,4,False.
2181,0,1,29,219.2,102,37.26,206.0,17.51,15.0,1,False.
2063,0,0,0,114.4,122,19.45,127.7,10.85,10.1,2,False.
2332,0,0,0,158.7,90,26.98,198.4,16.86,10.5,1,False.
2140,0,0,0,197.7,64,33.61,136.7,11.62,13.2,4,False.
2355,0,0,0,224.6,94,38.18,225.9,19.2,12.5,2,False.
2862,0,1,24,58.9,125,10.01,305.5,25.97,12.1,0,False.
1130,0,0,0,35.1,62,5.97,180.8,15.37,12.7,1,False.
2801,0,0,0,139.0,99,23.63,250.7,21.31,6.1,4,False.
2065,0,0,0,186.0,55,31.62,237.4,20.18,12.2,1,False.
2197,0,0,0,216.2,67,36.75,222.2,18.89,3.1,2,False.
96,0,0,0,160.1,110,27.22,213.3,18.13,13.0,0,False.
656,0,0,0,175.6,147,29.85,161.8,13.75,9.3,0,False.
1238,1,1,24,219.9,118,37.38,208.5,17.72,8.1,3,False.
751,0,1,29,121.1,116,20.59,186.4,15.84,10.1,0,False.
236,0,1,40,202.6,103,34.44,118.8,10.1,9.0,2,False.
44,0,0,0,154.0,67,26.18,225.8,19.19,3.5,1,False.
2454,0,0,0,96.1,103,16.34,246.8,20.98,9.7,1,False.
3307,0,0,0,203.9,109,34.66,234.0,19.89,17.8,4,False.
1927,0,0,0,188.0,127,31.96,90.5,7.69,15.3,3,False.
2513,0,0,0,70.7,125,12.02,211.0,17.94,0.0,2,False.
290,0,1,34,230.6,121,39.2,219.4,18.65,8.0,0,False.
27,0,0,0,134.3,73,22.83,155.5,13.22,14.7,3,False.
874,0,0,0,204.9,107,34.83,135.2,11.49,10.4,5,False.
1747,0,0,0,158.0,110,26.86,197.0,16.75,10.0,1,False.
630,0,0,0,194.8,107,33.12,170.9,14.53,13.9,0,False.
1051,0,0,0,263.4,118,44.78,179.1,15.22,10.3,0,False.
2716,0,1,50,186.5,94,31.71,178.0,15.13,12.1,2,False.
936,0,1,37,162.3,107,27.59,233.9,19.88,9.2,0,False.
2306,0,0,0,254.4,120,43.25,159.3,13.54,6.0,1,False.
967,0,0,0,230.2,147,39.13,186.7,15.87,9.2,0,False.
2722,0,0,0,136.1,82,23.14,156.3,13.29,10.1,2,False.
2718,0,0,0,203.4,125,34.58,182.9,15.55,13.8,1,False.
1474,0,0,0,112.8,89,19.18,156.7,13.32,16.3,0,False.
2907,0,0,0,209.4,67,35.6,273.8,23.27,12.8,0,False.
2904,1,0,0,183.4,103,31.18,141.9,12.06,10.4,2,False.
599,0,1,46,214.1,62,36.4,200.9,17.08,9.2,0,False.
788,0,0,0,214.9,97,36.53,117.8,10.01,11.8,2,False.
3206,0,0,0,133.4,107,22.68,223.9,19.03,10.2,1,False.
2090,0,1,37,223.5,104,38.0,235.1,19.98,10.6,2,False.
2251,0,0,0,197.6,83,33.59,164.5,13.98,6.4,1,False.
3133,0,0,0,124.4,74,21.15,320.9,27.28,10.4,2,False.
178,0,0,0,173.5,93,29.5,194.1,16.5,16.2,3,False.
3289,0,0,0,187.2,110,31.82,114.7,9.75,13.2,1,False.
150,0,0,0,193.8,99,32.95,221.4,18.82,10.6,1,False.
503,1,1,26,217.2,138,36.92,145.5,12.37,9.3,0,False.
2373,0,0,0,259.7,106,44.15,152.7,12.98,10.2,0,False.
828,0,0,0,194.2,147,33.01,173.4,14.74,5.5,2,False.
2435,0,1,23,286.6,79,48.72,315.3,26.8,10.3,1,False.
1608,0,1,25,219.6,99,37.33,210.4,17.88,13.8,2,False.
346,0,1,33,161.6,117,27.47,123.0,10.46,12.2,1,False.
37,0,0,0,130.8,64,22.24,223.7,19.01,10.0,1,False.
2976,1,0,0,146.3,117,24.87,218.7,18.59,11.5,1,False.
3225,0,0,0,251.9,81,42.82,194.6,16.54,8.4,2,False.
2864,0,0,0,228.9,102,38.91,160.7,13.66,12.5,0,False.
2194,1,1,29,85.2,98,14.48,230.4,19.58,9.0,2,False.
448,0,0,0,117.3,114,19.94,201.1,17.09,12.2,1,False.
2169,0,0,0,174.5,65,29.67,197.4,16.78,10.6,0,False.
1905,0,0,0,197.7,118,33.61,152.2,12.94,7.0,2,False.
3305,0,1,22,224.1,127,38.1,238.8,20.3,11.5,2,False.
2957,0,1,20,207.7,91,35.31,199.7,16.97,7.3,1,False.
1552,0,0,0,147.5,110,25.08,191.7,16.29,16.4,2,False.
1656,0,1,28,105.9,132,18.0,231.7,19.69,10.7,1,False.
2866,0,0,0,146.7,128,24.94,106.2,9.03,11.1,2,False.
71,0,1,46,224.9,97,38.23,188.2,16.0,12.1,0,False.
2869,0,1,20,186.9,114,31.77,256.3,21.79,8.9,1,False.
1800,0,0,0,225.0,110,38.25,244.2,20.76,10.7,0,False.
266,0,1,28,225.8,94,38.39,193.0,16.41,8.4,4,False.
1715,0,1,36,95.9,87,16.3,261.6,22.24,13.3,0,False.
1249,0,0,0,243.1,105,41.33,231.4,19.67,7.8,2,False.
3179,0,0,0,192.6,102,32.74,178.9,15.21,9.4,1,False.
282,0,1,37,211.7,115,35.99,159.9,13.59,12.2,1,False.
3146,0,0,0,155.4,112,26.42,290.9,24.73,13.9,1,False.
1879,0,0,0,139.8,98,23.77,174.9,14.87,9.4,2,False.
1925,0,0,0,190.2,102,32.33,197.7,16.8,9.8,2,False.
3310,0,0,0,190.4,91,32.37,92.0,7.82,13.6,2,False.
79,0,0,0,170.2,98,28.93,155.2,13.19,15.0,1,False.
1165,1,1,26,307.1,94,52.21,289.4,24.6,8.0,0,False.
2288,0,0,0,193.7,74,32.93,126.9,10.79,8.8,0,False.
522,0,1,27,253.7,84,43.13,229.2,19.48,9.2,7,False.
2920,0,0,0,121.5,88,20.66,253.0,21.51,10.7,1,False.
2729,0,0,0,119.3,93,20.28,223.9,19.03,8.7,2,False.
1313,0,0,0,235.8,130,40.09,176.0,14.96,7.3,2,False.
1684,0,0,0,99.7,107,16.95,145.1,12.33,14.1,2,False.
1023,0,0,0,142.5,87,24.23,195.7,16.63,7.8,2,False.
1748,0,1,23,175.7,82,29.87,258.9,22.01,14.1,1,False.
443,0,0,0,246.8,129,41.96,187.8,15.96,12.6,1,False.
676,0,0,0,241.2,134,41.0,116.5,9.9,10.6,0,False.
928,0,1,24,175.8,139,29.89,155.0,13.18,7.8,2,False.
29,0,0,0,119.3,117,20.28,215.1,18.28,11.1,1,False.
1064,1,1,30,154.1,114,26.2,118.7,10.09,12.9,2,False.
1668,0,0,0,171.7,99,29.19,174.8,14.86,7.8,1,False.
1775,0,1,24,239.8,103,40.77,285.9,24.3,9.5,0,False.
1930,0,0,0,145.4,93,24.72,209.1,17.77,10.9,1,False.
2007,0,0,0,242.2,88,41.17,233.2,19.82,6.2,3,False.
2506,0,0,0,230.1,107,39.12,212.0,18.02,13.2,1,False.
918,0,0,0,215.9,67,36.7,217.0,18.45,5.2,1,False.
1639,0,0,0,172.7,95,29.36,139.1,11.82,11.7,2,False.
2503,0,0,0,183.2,131,31.14,179.2,15.23,9.9,2,False.
2348,0,1,20,264.4,102,44.95,219.6,18.67,11.3,2,False.
1414,0,0,0,176.1,90,29.94,174.9,14.87,9.7,1,False.
368,0,0,0,83.4,110,14.18,232.2,19.74,7.6,1,False.
2445,0,0,0,197.0,79,33.49,201.0,17.09,11.6,1,False.
2682,1,0,0,106.1,77,18.04,123.5,10.5,12.9,0,False.
499,0,0,0,175.2,91,29.78,244.4,20.77,7.5,1,False.
2050,0,0,0,213.2,79,36.24,120.7,10.26,7.5,1,False.
2486,0,0,0,173.2,93,29.44,131.2,11.15,5.4,0,False.
2711,0,0,0,191.3,134,32.52,261.5,22.23,10.0,1,False.
146,0,0,0,146.7,91,24.94,203.5,17.3,13.7,1,False.
1783,0,1,29,144.6,97,24.58,140.0,11.9,10.9,1,False.
2496,0,1,22,141.8,116,24.11,167.3,14.22,7.8,1,False.
2202,1,1,16,200.3,72,34.05,197.8,16.81,10.4,1,False.
2803,0,0,0,264.0,108,44.88,132.2,11.24,10.6,3,False.
1092,0,0,0,185.2,87,31.48,170.4,14.48,9.5,1,False.
3114,0,0,0,139.0,110,23.63,132.9,11.3,12.1,0,False.
1447,0,0,0,174.3,105,29.63,171.3,14.56,8.3,0,False.
1958,0,0,0,137.4,126,23.36,120.0,10.2,12.4,3,False.
195,0,1,23,198.1,86,33.68,177.0,15.05,6.8,1,False.
1183,0,1,32,192.3,82,32.69,165.3,14.05,9.0,2,False.
1991,0,0,0,169.2,123,28.76,216.8,18.43,12.6,1,False.
1054,0,0,0,183.6,107,31.21,58.6,4.98,8.7,1,False.
3295,0,0,0,227.7,88,38.71,170.0,14.45,11.7,1,False.
1190,0,0,0,156.0,56,26.52,56.0,4.76,8.9,0,False.
23,0,0,0,110.4,103,18.77,137.3,11.67,7.7,2,False.
1463,0,0,0,156.8,93,26.66,215.8,18.34,7.6,1,False.
845,0,1,51,283.9,98,48.26,192.0,16.32,10.0,1,False.
450,0,0,0,127.9,107,21.74,271.2,23.05,12.5,0,False.
2095,0,0,0,236.2,122,40.15,189.4,16.1,13.3,0,False.
1120,0,0,0,157.1,79,26.71,162.6,13.82,12.1,1,False.
1287,0,0,0,196.3,108,33.37,136.8,11.63,7.7,2,False.
188,0,0,0,160.6,111,27.3,163.2,13.87,9.0,1,False.
719,0,0,0,190.3,88,32.35,194.5,16.53,11.7,2,False.
816,0,0,0,227.9,78,38.74,207.5,17.64,12.1,1,False.
2018,0,1,22,167.7,104,28.51,246.8,20.98,7.5,1,False.
670,0,1,26,266.7,109,45.34,232.3,19.75,16.3,1,False.
717,0,0,0,210.7,116,35.82,219.2,18.63,7.2,1,False.
3088,0,1,29,213.6,127,36.31,175.9,14.95,8.9,1,False.
2302,0,0,0,159.1,100,27.05,202.5,17.21,11.5,2,False.
1458,0,0,0,137.1,94,23.31,209.8,17.83,8.6,1,False.
2764,0,1,23,245.0,88,41.65,265.0,22.53,14.9,2,False.
1556,0,0,0,178.4,143,30.33,247.0,21.0,9.6,0,False.
2778,0,0,0,158.8,119,27.0,211.8,18.0,10.3,1,False.
3134,0,0,0,146.9,94,24.97,114.3,9.72,11.4,3,False.
2383,0,1,30,122.9,93,20.89,233.5,19.85,9.6,2,False.
2829,0,1,26,257.2,108,43.72,224.3,19.07,12.6,1,False.
713,0,0,0,222.8,101,37.88,203.0,17.26,6.9,2,False.
703,0,1,23,160.0,104,27.2,189.4,16.1,10.4,1,False.
620,0,0,0,191.3,89,32.52,193.9,16.48,12.8,1,False.
634,0,0,0,177.9,129,30.24,224.6,19.09,10.8,2,False.
2051,1,0,0,269.6,121,45.83,171.7,14.59,8.2,1,False.
2436,0,0,0,207.6,96,35.29,229.0,19.47,13.3,1,False.
3099,0,0,0,158.0,94,26.86,207.9,17.67,10.1,0,False.
607,0,1,29,142.3,107,24.19,118.7,10.09,6.6,1,False.
163,0,0,0,98.9,103,16.81,135.4,11.51,12.2,1,False.
2706,0,0,0,206.0,128,35.02,198.1,16.84,13.2,0,False.
2411,0,0,0,156.0,88,26.52,276.1,23.47,9.3,1,False.
1055,0,0,0,178.1,109,30.28,146.5,12.45,8.5,1,False.
1419,0,0,0,105.7,95,17.97,141.8,12.05,6.6,2,False.
1708,0,1,23,167.4,83,28.46,258.6,21.98,11.2,4,False.
578,0,1,30,183.8,76,31.25,229.7,19.52,7.7,1,False.
2396,1,0,0,247.5,99,42.08,108.5,9.22,10.6,2,False.
587,0,0,0,169.6,85,28.83,58.9,5.01,7.4,1,False.
3163,0,1,30,230.1,108,39.12,287.6,24.45,6.9,2,False.
2992,0,1,24,128.1,104,21.78,143.4,12.19,11.6,1,False.
698,0,0,0,206.0,89,35.02,186.0,15.81,8.4,0,False.
2398,0,0,0,175.4,99,29.82,155.3,13.2,11.5,1,False.
1361,0,0,0,206.2,76,35.05,232.4,19.75,13.6,1,False.
1025,0,1,11,252.9,129,42.99,284.3,24.17,12.3,1,False.
131,0,0,0,166.3,125,28.27,158.2,13.45,6.1,1,False.
3105,0,0,0,221.1,101,37.59,236.7,20.12,9.5,0,False.
2549,1,0,0,103.5,134,17.6,319.3,27.14,8.4,2,False.
3053,0,0,0,199.3,112,33.88,193.4,16.44,7.0,0,False.
3106,0,1,26,132.0,100,22.44,173.3,14.73,11.6,1,False.
2483,0,1,30,186.2,117,31.65,286.7,24.37,12.9,2,False.
820,0,1,16,184.0,99,31.28,76.4,6.49,12.7,2,False.
624,0,0,0,161.4,110,27.44,220.6,18.75,5.1,0,False.
1873,0,1,25,248.6,91,42.26,119.3,10.14,12.0,1,False.
2006,0,1,27,204.6,96,34.78,136.0,11.56,6.6,3,False.
52,0,0,0,186.1,112,31.64,190.2,16.17,11.4,2,False.
2571,0,0,0,190.9,62,32.45,226.6,19.26,7.8,2,False.
2779,0,0,0,208.7,150,35.48,212.8,18.09,8.5,0,False.
941,0,0,0,153.5,81,26.1,287.3,24.42,6.5,2,False.
2126,0,0,0,245.0,112,41.65,180.4,15.33,9.7,1,False.
1304,0,0,0,61.9,78,10.52,262.6,22.32,8.8,3,False.
2509,0,0,0,73.8,105,12.55,143.4,12.19,10.9,2,False.
776,0,1,20,254.4,133,43.25,161.7,13.74,10.5,0,False.
1207,0,1,25,176.6,65,30.02,172.7,14.68,11.3,2,False.
1563,0,1,39,218.5,76,37.15,112.7,9.58,7.3,1,False.
2712,0,0,0,133.3,101,22.66,255.5,21.72,11.6,0,False.
953,0,1,39,175.7,93,29.87,187.2,15.91,8.6,2,False.
1034,0,0,0,94.4,80,16.05,215.1,18.28,13.1,2,False.
2287,0,0,0,271.7,112,46.19,155.1,13.18,6.6,3,False.
2661,0,0,0,233.9,96,39.76,218.9,18.61,9.5,0,False.
2896,0,0,0,245.5,130,41.74,192.7,16.38,9.1,1,False.
2220,0,0,0,177.2,72,30.12,248.9,21.16,8.6,3,False.
1735,0,0,0,124.3,68,21.13,207.1,17.6,14.8,0,False.
2122,0,1,27,268.8,78,45.7,246.6,20.96,16.4,0,False.
1766,0,0,0,182.3,64,30.99,139.8,11.88,11.6,2,False.
444,1,0,0,165.4,107,28.12,196.0,16.66,9.6,2,False.
1167,0,0,0,154.0,95,26.18,205.9,17.5,12.9,1,False.
446,0,0,0,138.3,116,23.51,236.0,20.06,9.6,3,False.
3090,0,0,0,78.3,119,13.31,198.2,16.85,12.1,1,False.
1664,0,1,33,179.1,93,30.45,238.3,20.26,10.6,2,False.
442,0,1,29,133.1,114,22.63,221.2,18.8,6.8,1,False.
2339,0,0,0,86.0,83,14.62,260.7,22.16,8.9,1,False.
744,0,0,0,191.7,122,32.59,241.4,20.52,9.1,1,False.
2899,0,1,36,190.3,115,32.35,256.6,21.81,3.8,1,False.
311,0,1,38,236.3,102,40.17,195.9,16.65,9.7,1,False.
1103,0,0,0,165.5,78,28.14,205.5,17.47,12.2,0,False.
1450,0,0,0,114.3,100,19.43,221.1,18.79,10.9,0,False.
1113,0,0,0,206.3,98,35.07,292.8,24.89,10.6,1,False.
1868,0,0,0,206.9,115,35.17,224.4,19.07,8.3,3,False.
3282,0,1,31,244.1,71,41.5,203.4,17.29,7.7,3,False.
826,1,0,0,169.3,82,28.78,217.9,18.52,9.4,1,False.
2781,0,0,0,222.5,74,37.83,169.7,14.42,9.0,2,False.
1049,0,0,0,147.0,72,24.99,165.7,14.08,8.4,1,False.
2416,0,0,0,156.0,141,26.52,256.8,21.83,11.9,2,False.
1090,0,0,0,153.4,86,26.08,198.5,16.87,10.4,0,False.
2777,0,0,0,186.8,89,31.76,253.4,21.54,12.3,2,False.
824,0,0,0,209.4,104,35.6,132.5,11.26,11.3,2,False.
1319,0,0,0,248.6,102,42.26,174.9,14.87,6.1,3,False.
916,0,0,0,102.8,74,17.48,281.7,23.94,13.2,2,False.
330,0,0,0,192.1,98,32.66,312.9,26.6,7.9,3,False.
1338,0,0,0,159.7,79,27.15,216.7,18.42,9.3,2,False.
342,0,1,34,221.8,105,37.71,161.7,13.74,14.0,0,False.
2883,0,0,0,209.4,49,35.6,237.4,20.18,9.8,1,False.
3235,0,1,25,141.0,101,23.97,212.0,18.02,4.9,3,False.
1895,0,1,21,197.9,99,33.64,165.6,14.08,10.1,0,False.
2156,0,0,0,224.7,116,38.2,192.0,16.32,11.3,3,False.
1876,0,0,0,164.2,116,27.91,196.2,16.68,8.1,1,False.
774,0,0,0,161.1,99,27.39,198.8,16.9,10.6,1,False.
888,0,0,0,182.9,113,31.09,239.6,20.37,5.5,2,False.
276,1,0,0,218.9,88,37.21,208.0,17.68,11.1,0,False.
1957,0,0,0,212.8,79,36.18,204.1,17.35,10.2,1,False.
441,0,0,0,155.3,93,26.4,265.7,22.58,12.4,0,False.
1024,1,0,0,133.0,65,22.61,262.8,22.34,11.2,1,False.
1251,0,0,0,169.1,105,28.75,169.9,14.44,9.9,3,False.
3174,0,1,43,29.9,123,5.08,129.1,10.97,8.6,2,False.
43,0,0,0,85.8,77,14.59,165.3,14.05,9.2,3,False.
2229,0,1,25,191.3,95,32.52,250.7,21.31,17.6,2,False.
2806,0,0,0,220.4,100,37.47,211.2,17.95,13.6,2,False.
1592,0,0,0,137.6,108,23.39,162.0,13.77,5.8,3,False.
2561,0,1,33,141.4,130,24.04,186.4,15.84,7.7,1,False.
1270,0,0,0,162.7,102,27.66,292.0,24.82,8.7,0,False.
2684,0,0,0,204.6,98,34.78,212.5,18.06,9.8,2,False.
2418,0,0,0,210.6,120,35.8,153.1,13.01,11.0,0,False.
3160,0,0,0,224.0,99,38.08,210.7,17.91,2.1,0,False.
1936,0,0,0,102.0,118,17.34,113.3,9.63,11.4,2,False.
2514,0,0,0,204.6,117,34.78,205.2,17.44,10.7,0,False.
3073,0,1,38,193.0,106,32.81,153.6,13.06,7.4,2,False.
2109,0,1,19,154.6,100,26.28,241.6,20.54,12.6,3,False.
3297,0,1,33,241.7,84,41.09,165.8,14.09,11.3,1,False.
1108,0,0,0,235.9,104,40.1,80.6,6.85,5.8,3,False.
3012,0,0,0,109.8,100,18.67,189.6,16.12,11.1,1,False.
2873,0,0,0,158.6,67,26.96,130.4,11.08,6.9,2,False.
948,0,0,0,159.7,83,27.15,155.4,13.21,8.4,1,False.
225,0,0,0,213.4,111,36.28,234.5,19.93,2.7,1,False.
1812,1,0,0,277.0,119,47.09,238.3,20.26,8.3,1,False.
1808,0,0,0,231.3,100,39.32,210.4,17.88,12.4,3,False.
2547,0,0,0,139.9,117,23.78,223.6,19.01,12.7,2,False.
1518,0,0,0,139.7,78,23.75,202.6,17.22,11.3,2,False.
271,0,0,0,134.7,121,22.9,180.0,15.3,7.7,1,False.
1908,0,1,45,80.3,140,13.65,153.3,13.03,12.8,2,False.
3042,0,0,0,216.8,134,36.86,187.8,15.96,8.3,0,False.
2245,0,1,29,215.5,129,36.64,161.9,13.76,8.8,2,False.
2654,0,0,0,207.7,85,35.31,196.7,16.72,6.8,1,False.
421,0,0,0,259.9,114,44.18,176.2,14.98,15.3,1,False.
790,1,1,45,281.1,88,47.79,198.0,16.83,7.5,0,False.
2315,0,0,0,150.7,52,25.62,246.7,20.97,7.0,2,False.
2983,0,0,0,214.0,117,36.38,192.4,16.35,7.9,1,False.
408,1,0,0,127.3,108,21.64,251.3,21.36,10.3,1,False.
1697,0,0,0,169.9,107,28.88,209.4,17.8,11.5,1,False.
1461,0,0,0,39.5,78,6.72,264.3,22.47,10.0,0,False.
434,0,1,31,288.7,101,49.08,203.8,17.32,8.6,0,False.
1367,1,0,0,235.6,131,40.05,194.8,16.56,8.6,1,False.
711,0,0,0,143.7,114,24.43,297.8,25.31,11.4,4,False.
983,0,0,0,212.4,105,36.11,224.6,19.09,9.0,1,False.
1982,0,0,0,163.8,73,27.85,255.6,21.73,15.7,0,False.
3212,0,1,38,105.0,86,17.85,121.8,10.35,3.7,0,False.
1151,0,1,24,217.2,94,36.92,138.7,11.79,11.3,0,False.
1011,0,0,0,143.4,130,24.38,289.4,24.6,9.7,2,False.
462,0,1,18,106.4,109,18.09,108.1,9.19,10.1,1,False.
1832,0,0,0,195.4,116,33.22,212.1,18.03,15.1,1,False.
136,0,1,21,175.8,97,29.89,217.5,18.49,5.3,5,False.
3219,0,1,35,139.6,72,23.73,332.8,28.29,8.8,2,False.
2511,0,0,0,147.2,115,25.02,161.9,13.76,7.2,3,False.
2728,0,0,0,148.2,71,25.19,285.1,24.23,6.2,2,False.
1412,0,1,24,135.9,60,23.1,233.2,19.82,9.4,1,False.
224,0,0,0,65.4,97,11.12,168.2,14.3,13.8,2,False.
1291,0,1,30,129.6,107,22.03,233.0,19.81,14.5,1,False.
2877,0,0,0,176.8,92,30.06,187.5,15.94,6.5,2,False.
373,0,0,0,164.8,98,28.02,229.9,19.54,14.8,2,False.
2473,0,1,40,141.7,87,24.09,268.3,22.81,8.5,0,False.
31,0,0,0,226.1,105,38.44,201.5,17.13,10.3,1,False.
1429,0,1,38,209.8,130,35.67,196.6,16.71,7.0,1,False.
531,0,0,0,163.0,112,27.71,219.1,18.62,6.7,2,False.
2625,0,0,0,152.9,119,25.99,171.2,14.55,12.0,2,False.
80,0,0,0,201.1,99,34.19,303.5,25.8,13.2,1,False.
2622,0,1,16,144.8,105,24.62,206.2,17.53,11.6,4,False.
642,0,0,0,195.0,92,33.15,210.5,17.89,11.0,0,False.
1710,0,0,0,169.5,93,28.82,230.9,19.63,9.0,2,False.
2102,0,0,0,246.5,108,41.91,216.3,18.39,12.7,2,False.
3227,0,0,0,153.7,105,26.13,188.6,16.03,10.7,0,False.
1888,0,0,0,191.1,93,32.49,282.8,24.04,12.0,2,False.
1971,0,1,32,174.6,107,29.68,310.6,26.4,9.0,1,False.
1970,0,0,0,167.8,121,28.53,212.9,18.1,13.0,5,False.
2576,0,1,33,193.4,105,32.88,231.6,19.69,11.1,2,False.
1598,0,1,29,163.8,77,27.85,134.9,11.47,8.8,2,False.
2955,0,0,0,128.7,111,21.88,169.5,14.41,10.3,1,False.
3065,0,1,29,195.4,83,33.22,268.2,22.8,8.4,3,False.
2799,0,0,0,214.8,87,36.52,131.0,11.14,9.4,3,False.
110,0,0,0,165.0,100,28.05,317.2,26.96,8.3,1,False.
2584,0,0,0,216.9,78,36.87,211.0,17.94,11.4,3,False.
2430,0,1,40,128.1,99,21.78,247.7,21.05,15.6,0,False.
921,0,0,0,111.0,51,18.87,219.8,18.68,4.4,1,False.
389,0,0,0,126.0,99,21.42,238.5,20.27,10.2,3,False.
1810,0,0,0,194.0,103,32.98,241.0,20.49,11.9,0,False.
1914,0,1,25,163.7,78,27.83,113.2,9.62,9.9,3,False.
1675,0,0,0,141.7,95,24.09,221.0,18.79,10.2,0,False.
1296,0,0,0,213.6,110,36.31,234.9,19.97,8.8,2,False.
3172,0,0,0,223.8,67,38.05,244.8,20.81,12.3,3,False.
